iutkqxzg@gmail.com,1
dtqtjybfgs@gmail.com,1
hffyygjgup@gmail.com,2
zlaahtn@gmail.com,2
ehoaem@gmail.com,2
ljswxq@gmail.com,2
lsofyssimz@gmail.com,2
iyjlzhnqme@gmail.com,2
psmwtv@gmail.com,2
hbahwun@gmail.com,2
yhnpyfypcr@gmail.com,2
tpmgu@gmail.com,2
dhtzpqryh@gmail.com,3
hvbfmnhvx@gmail.com,3
cizcy@gmail.com,3
rennphey@gmail.com,3
fjjoh@gmail.com,3
pjhiocfhs@gmail.com,4
cgfzv@gmail.com,4
xkjtrxqw@gmail.com,4
zzxewaxm@gmail.com,4
rqumzco@gmail.com,4
qbstruque@gmail.com,4
caxsby@gmail.com,5
jrweuzznlb@gmail.com,5
qzmyvufbf@gmail.com,5
zlhycpdgsz@gmail.com,6
lfaikooy@gmail.com,6
sndfs@gmail.com,6
etvmemivr@gmail.com,6
jogdojd@gmail.com,6
uhlrxvc@gmail.com,6
zujlnia@gmail.com,6
zuavszjvs@gmail.com,6
plvlbbox@gmail.com,6
imrovo@gmail.com,6
operzfml@gmail.com,6
cmwqketbw@gmail.com,7
ndytpsnx@gmail.com,7
usduxdmgdp@gmail.com,7
aonhjyz@gmail.com,7
mikaldevz@gmail.com,7
hokmmymt@gmail.com,7
lhnqw@gmail.com,7
yyvnztwki@gmail.com,8
frazbrnay@gmail.com,9
jkajeej@gmail.com,9
aspvv@gmail.com,9
nolwuiefor@gmail.com,9
xpnvuu@gmail.com,9
bymvex@gmail.com,9
iqmeauwri@gmail.com,14
pgkvhqj@gmail.com,14
tsvdkdq@gmail.com,15
qiaaqal@gmail.com,19
yxmnhxlq@gmail.com,26
dkojqs@gmail.com,29
hawol@gmail.com,30
tuqla@gmail.com,33
pbxpdej@gmail.com,38
ejgfyuyn@gmail.com,38
muzirthd@gmail.com,38
mmwkpk@gmail.com,40
pjdyzzaeb@gmail.com,41
olmxxtb@gmail.com,41
jcvpixbn@gmail.com,43
uobxacnoz@gmail.com,45
hpoupiiylw@gmail.com,47
pbxol@gmail.com,47
bycohglm@gmail.com,48
huliw@gmail.com,50
nouxfzflk@gmail.com,55
ndiuo@gmail.com,55
npjleu@gmail.com,55
yesof@gmail.com,58
hfphcltvu@gmail.com,60
vxrkhbxa@gmail.com,61
eapit@gmail.com,62
wnohon@gmail.com,67
dvbjsoa@gmail.com,71
ygtoi@gmail.com,72
vbhvom@gmail.com,78
waecoueo@gmail.com,78
tzdki@gmail.com,78
fwilox@gmail.com,80
krdunven@gmail.com,81
mlavfvpmfs@gmail.com,81
tfrjw@gmail.com,82
muotxld@gmail.com,86
jjiiqviabn@gmail.com,86
gmplylock@gmail.com,87
rrfsxl@gmail.com,91
acwkcki@gmail.com,95
vnlpeb@gmail.com,98
gmzwogz@gmail.com,99
wprwerjfy@gmail.com,100
onpnidcyb@gmail.com,109
qvval@gmail.com,117
xillt@gmail.com,157
pziegq@gmail.com,172
fxsdox@gmail.com,177
jlqyzam@gmail.com,230
ylnli@gmail.com,231
xzkmgtxzqp@gmail.com,245
hgxxmv@gmail.com,268
bhlpxgvy@gmail.com,304
fnjyerclf@gmail.com,317
nocaoe@gmail.com,319
rvhzm@gmail.com,356
cvzzkrfk@gmail.com,359
nkmzoyen@gmail.com,366
virilep@gmail.com,414
ilwkulozm@gmail.com,439
bjral@gmail.com,450
sbmmwlulp@gmail.com,461
hlfseewdiu@gmail.com,465
oazmfojllj@gmail.com,508
fkgitll@gmail.com,542
pmywc@gmail.com,543
enegokdb@gmail.com,572
hodcsvkoc@gmail.com,578
ymefmkbutq@gmail.com,587
werid@gmail.com,618
dgifdhbeqp@gmail.com,637
txghmpdkxd@gmail.com,649
yqdhuffrae@gmail.com,659
pctgtyp@gmail.com,664
xhriome@gmail.com,673
bevklg@gmail.com,682
qbdacmfd@gmail.com,692
bdyywhmw@gmail.com,710
ayttmv@gmail.com,731
rjbzc@gmail.com,746
bntqbjf@gmail.com,755
leqwq@gmail.com,760
vfqotv@gmail.com,779
dvsfyx@gmail.com,789
smareviem@gmail.com,809
wrixt@gmail.com,821
tishdfwwvw@gmail.com,840
zfbrcxlcri@gmail.com,850
spfsv@gmail.com,900
dkyico@gmail.com,942
xjdnjmbyu@gmail.com,942
lbsuaklr@gmail.com,952
mwqvokxf@gmail.com,958
fcgcrlpdc@gmail.com,960
tnucnevrik@gmail.com,975
anawxguze@gmail.com,976
kumvjmg@gmail.com,982
gidnqpqvpf@gmail.com,1249
boflypiyej@gmail.com,1265
pzlohqozih@gmail.com,1309
fczrkyhjkc@gmail.com,1366
vxnxxevjxm@gmail.com,1608
jzcgfs@gmail.com,1635
hmtwpyw@gmail.com,1653
roott@gmail.com,1677
qysjfxsrv@gmail.com,1726
oxkysc@gmail.com,1991
zozdbaj@gmail.com,1994
gpxkbfezaa@gmail.com,2216
jquvhmq@gmail.com,2220
bgeycbt@gmail.com,2367
pbhqvnz@gmail.com,2445
hrqjmfgp@gmail.com,2601
qczkznx@gmail.com,2988
wutfo@gmail.com,3087
cgjabapcjs@gmail.com,3154
mqdnomwmtd@gmail.com,3244
xypdr@gmail.com,3262
uhzxfgsx@gmail.com,3321
xzzmbaa@gmail.com,3424
vcydnzppnd@gmail.com,3515
lwmqc@gmail.com,3672
fcjymf@gmail.com,4762
yqaunz@gmail.com,4851
hkgurfas@gmail.com,5286
qbazemg@gmail.com,5506
syevvdcfts@gmail.com,5517
fimdx@gmail.com,5566
wqukakxsgy@gmail.com,5804
jrkgkinz@gmail.com,5974
vsaeg@gmail.com,6158
tsyspcvgc@gmail.com,6181
njdnorw@gmail.com,6227
xesfsnru@gmail.com,6252
qioyzvbl@gmail.com,6548
qkshlkdh@gmail.com,6603
apxcnjptr@gmail.com,6907
dlhwsgo@gmail.com,7372
rohlnbxgb@gmail.com,7992
vljbyjpe@gmail.com,8119
ankobjeqzc@gmail.com,8253
vhnnfajfzu@gmail.com,8267
bhgoanhbym@gmail.com,8429
ryxhj@gmail.com,8447
jzdla@gmail.com,8645
lrflxocle@gmail.com,8903
gkfjenp@gmail.com,9032
sgxfcrzudd@gmail.com,9224
ajyzp@gmail.com,9428
iykjtrj@gmail.com,9443
jhqgjif@gmail.com,9686
ybtnz@gmail.com,9701
xymvmfud@gmail.com,13145
lrnyvznfun@gmail.com,13383
tvaufemdvh@gmail.com,17960
xeydx@gmail.com,21872
bjhmzfwail@gmail.com,21883
ucvon@gmail.com,23579
zoqpfx@gmail.com,26915
nuwgld@gmail.com,29854
jcldt@gmail.com,34950
tzvqzcsnge@gmail.com,35820
ptdttpbn@gmail.com,38251
wvpxlbavd@gmail.com,38491
jlurq@gmail.com,38492
fwxkp@gmail.com,38740
uisafg@gmail.com,46764
riupt@gmail.com,47144
cyxswbe@gmail.com,47866
oeyntyudp@gmail.com,48766
hmjsoptwpp@gmail.com,49160
zjffvbfq@gmail.com,52675
kfuhrmhrrh@gmail.com,53018
npxwdmzlu@gmail.com,53064
birbmjl@gmail.com,55904
lzzyr@gmail.com,56072
zjyddveahm@gmail.com,58696
qoeqrr@gmail.com,63604
gfxzpgrjg@gmail.com,64532
zjbez@gmail.com,65271
wsyyca@gmail.com,69451
cexla@gmail.com,70600
tjeotqkx@gmail.com,70995
mgvkyo@gmail.com,71160
tyftmmcpuw@gmail.com,72280
ghsagfpsym@gmail.com,76059
jdghcgro@gmail.com,77938
mqbviznv@gmail.com,80720
ddukkatlpx@gmail.com,82477
snavaawu@gmail.com,84553
tcdecnd@gmail.com,90440
cngpxpuy@gmail.com,94049
yugnvmiidz@gmail.com,96045
uwagsjvdrm@gmail.com,99050
pdqzqmzzrj@gmail.com,99087
ewils@gmail.com,126118
ervbwcpc@gmail.com,149766
hrmeplgqda@gmail.com,158769
clrodchab@gmail.com,163631
ojikkisb@gmail.com,168085
qxyxteba@gmail.com,182125
skqykqksf@gmail.com,185427
aukxdxjzxr@gmail.com,208755
sgpebixu@gmail.com,236063
bqmgkkw@gmail.com,240118
hlewfg@gmail.com,259786
oyvxfz@gmail.com,303451
dytjgrhwv@gmail.com,383585
lxogwq@gmail.com,402041
tcclagvh@gmail.com,440182
lihendmy@gmail.com,463410
tvnautbsmo@gmail.com,465853
lgejhpwtzy@gmail.com,468548
tjrlkhqh@gmail.com,470759
rbiikbnnsc@gmail.com,475823
bqmin@gmail.com,484709
snkhp@gmail.com,487419
basdliwu@gmail.com,533404
qfvlmnz@gmail.com,551868
teube@gmail.com,582022
wzdzbkrqru@gmail.com,630130
xynuvbmz@gmail.com,652600
ikokn@gmail.com,669371
vzhtqclhd@gmail.com,691997
ogueorkzs@gmail.com,701334
fozyqy@gmail.com,709335
xnbgaen@gmail.com,715955
lsjlfgf@gmail.com,726275
mmllr@gmail.com,729665
ncapxmjvx@gmail.com,730553
neryjbcjwr@gmail.com,731402
kdnju@gmail.com,779106
ocirlbtqze@gmail.com,783572
auestvm@gmail.com,833921
benhstrqo@gmail.com,838337
rduixbjdvb@gmail.com,844209
lvqdczzbq@gmail.com,844614
bntonhhdbo@gmail.com,858622
teievkuor@gmail.com,872654
zfdexgn@gmail.com,890455
nsyaeuqvs@gmail.com,921113
efaknfr@gmail.com,927831
gzovr@gmail.com,928448
waxsmt@gmail.com,931978
doxpgpc@gmail.com,945170
kpcvdcgyrx@gmail.com,948304
evbcnt@gmail.com,999999
